<?xml version="1.0" encoding="utf-8"?>
<!--/909290/795364/2.49/3/4/Integrated Circuit/-->
<quadcept_library>
  <setting unit="mil" />
  <textstyle name="Default" height="47.244094488189" strokewidth="7.8740157480315" charwidth="47.244094488189" />
  <textstyle name="Dimension" height="19.6850393700787" strokewidth="0" charwidth="19.6850393700787" />
  <textstyle name="H127W0635TH00762" height="50" strokewidth="3" charwidth="25" />
  <textstyle name="H15W15TH02" height="59.0551181102362" strokewidth="7.8740157480315" charwidth="59.0551181102362" />
  <padstyle name="c115_h68" surface="False" plated="True" isvia="False" nopaste="True" nomask="True" complex="False" holesize="26.771653543307">
    <padshape layer="TOP" shape="round" width="45.275590551181" height="45.275590551181" />
    <padshape layer="TOP_SOLDER_MASK" shape="round" width="53.149606299212" height="53.149606299212" />
    <padshape layer="INNER" shape="round" width="45.275590551181" height="45.275590551181" />
    <padshape layer="BOTTOM" shape="round" width="45.275590551181" height="45.275590551181" />
    <padshape layer="BOTTOM_SOLDER_MASK" shape="round" width="53.149606299212" height="53.149606299212" />
  </padstyle>
  <footprint name="SS49E" originx="0" originy="0" pickpointx="0" pickpointy="0">
    <pcbpin number="1" name="1" style="c115_h68" originx="0" originy="0.39370078740157" rotation="90" />
    <pcbpin number="2" name="2" style="c115_h68" originx="51.181102362204" originy="0.39370078740157" rotation="90" />
    <pcbpin number="3" name="3" style="c115_h68" originx="102.36220472441" originy="0.39370078740157" rotation="90" />
    <line layer="TOP_ASSEMBLY" originx="-29.527559055118" originy="27.55905511811" endx="131.88976377953" endy="27.55905511811" width="7.8740157480314" />
    <line layer="TOP_ASSEMBLY" originx="131.88976377953" originy="27.55905511811" endx="131.88976377953" endy="-35.433070866141" width="7.8740157480314" />
    <line layer="TOP_ASSEMBLY" originx="131.88976377953" originy="-35.433070866141" endx="-29.527559055118" endy="-35.433070866141" width="7.8740157480314" />
    <line layer="TOP_ASSEMBLY" originx="-29.527559055118" originy="-35.433070866141" endx="-29.527559055118" endy="27.55905511811" width="7.8740157480314" />
    <line layer="TOP_PLACE_BOUND" originx="-68.897637795275" originy="66.929133858267" endx="171.25984251968" endy="66.929133858267" width="3.9370078740157" />
    <line layer="TOP_PLACE_BOUND" originx="171.25984251968" originy="66.929133858267" endx="171.25984251968" endy="-74.803149606298" width="3.9370078740157" />
    <line layer="TOP_PLACE_BOUND" originx="171.25984251968" originy="-74.803149606298" endx="-68.897637795275" endy="-74.803149606298" width="3.9370078740157" />
    <line layer="TOP_PLACE_BOUND" originx="-68.897637795275" originy="-74.803149606298" endx="-68.897637795275" endy="66.929133858267" width="3.9370078740157" />
    <line layer="TOP_SILKSCREEN" originx="-15.748031496063" originy="27.55905511811" endx="-29.527559055118" endy="27.55905511811" width="3.9370078740157" />
    <line layer="TOP_SILKSCREEN" originx="-29.527559055118" originy="27.55905511811" endx="-29.527559055118" endy="-35.433070866141" width="3.9370078740157" />
    <line layer="TOP_SILKSCREEN" originx="-29.527559055118" originy="-35.433070866141" endx="131.88976377953" endy="-35.433070866141" width="3.9370078740157" />
    <line layer="TOP_SILKSCREEN" originx="131.88976377953" originy="-35.433070866141" endx="131.88976377953" endy="27.55905511811" width="3.9370078740157" />
    <line layer="TOP_SILKSCREEN" originx="131.88976377953" originy="27.55905511811" endx="118.11023622047" endy="27.55905511811" width="3.9370078740157" />
    <line layer="TOP_SILKSCREEN" originx="-3.9370078740157" originy="-55.11811023622" endx="-3.9370078740157" endy="-55.11811023622" width="7.8740157480314" />
    <arc layer="TOP_SILKSCREEN" originx="-1.0927391974657E-15" originy="-55.11811023622" startangle="180.0" sweepangle="180.0" radius="3.9370078740157" width="7.8740157480314" />
    <line layer="TOP_SILKSCREEN" originx="3.9370078740157" originy="-55.11811023622" endx="3.9370078740157" endy="-55.11811023622" width="7.8740157480314" />
    <arc layer="TOP_SILKSCREEN" originx="-1.0927391974657E-15" originy="-55.11811023622" startangle=".0" sweepangle="180.0" radius="3.9370078740157" width="7.8740157480314" />
  </footprint>
  <symbol name="SS49E" originx="0" originy="0">
    <line originx="200" originy="100" endx="600" endy="100" width="0" />
    <line originx="600" originy="-300" endx="600" endy="100" width="0" />
    <line originx="600" originy="-300" endx="200" endy="-300" width="0" />
    <line originx="200" originy="100" endx="200" endy="-300" width="0" />
    <sympin number="1" originx="200" originy="0" rotation="180" length="100" width="7.8740157480315" flipped="False">
      <text name="pinname" originx="230" originy="0" style="Default" rotation="0" justify="left" flipped="False" hidden="False" data="+" />
      <text name="pindes" originx="140" originy="20" style="Default" rotation="0" justify="lowerright" flipped="False" hidden="False" data="1" />
    </sympin>
    <sympin number="2" originx="200" originy="-100" rotation="180" length="100" width="7.8740157480315" flipped="False">
      <text name="pinname" originx="230" originy="-100" style="Default" rotation="0" justify="left" flipped="False" hidden="False" data="-" />
      <text name="pindes" originx="140" originy="-80" style="Default" rotation="0" justify="lowerright" flipped="False" hidden="False" data="2" />
    </sympin>
    <sympin number="3" originx="200" originy="-200" rotation="180" length="100" width="7.8740157480315" flipped="False">
      <text name="pinname" originx="230" originy="-200" style="Default" rotation="0" justify="left" flipped="False" hidden="False" data="0" />
      <text name="pindes" originx="140" originy="-180" style="Default" rotation="0" justify="lowerright" flipped="False" hidden="False" data="3" />
    </sympin>
  </symbol>
  <component name="SS49E" designatorprefix="IC" height="118.11023622047" footprint="SS49E">
    <comppin designator="1" sympin="1" pinswap="0" gateswap="0" gate="1" group="1" side="" type="Any" name="+" />
    <comppin designator="2" sympin="2" pinswap="0" gateswap="0" gate="1" group="1" side="" type="Any" name="-" />
    <comppin designator="3" sympin="3" pinswap="0" gateswap="0" gate="1" group="1" side="" type="Any" name="0" />
    <attached_symbol gate="1" name="SS49E" />
    <pinmap designator="1" footprintpin="1" />
    <pinmap designator="2" footprintpin="2" />
    <pinmap designator="3" footprintpin="3" />
    <text name="Datasheet" originx="0" originy="0" style="Default" rotation="0" justify="" flipped="False" hidden="True" data="http://sensing.honeywell.com/index.php?ci_id=50359" />
    <text name="Description" originx="0" originy="0" style="Default" rotation="0" justify="" flipped="False" hidden="True" data="SENSOR LINEAR ANALOG RADIAL" />
    <text name="Manufacturer_Name" originx="0" originy="0" style="Default" rotation="0" justify="" flipped="False" hidden="True" data="Honeywell Sensing and Productivity Solutions" />
    <text name="Manufacturer_Part_Number" originx="650" originy="200" style="Default" rotation="0" justify="left" flipped="False" hidden="False" data="SS49E" />
    <text name="Mouser Part Number" originx="0" originy="0" style="Default" rotation="0" justify="" flipped="False" hidden="True" data="" />
    <text name="Mouser Price/Stock" originx="0" originy="0" style="Default" rotation="0" justify="" flipped="False" hidden="True" data="" />
    <text name="Arrow Part Number" originx="0" originy="0" style="Default" rotation="0" justify="" flipped="False" hidden="True" data="" />
    <text name="Arrow Price/Stock" originx="0" originy="0" style="Default" rotation="0" justify="" flipped="False" hidden="True" data="" />
  </component>
</quadcept_library>
