<?xml version="1.0" encoding="utf-8"?>
<!--/9329735/795364/2.49/2/4/LED/-->
<quadcept_library>
  <setting unit="mil" />
  <textstyle name="Default" height="47.244094488189" strokewidth="7.8740157480315" charwidth="47.244094488189" />
  <textstyle name="Dimension" height="19.6850393700787" strokewidth="0" charwidth="19.6850393700787" />
  <textstyle name="H127W0635TH00762" height="50" strokewidth="3" charwidth="25" />
  <textstyle name="H15W15TH02" height="59.0551181102362" strokewidth="7.8740157480315" charwidth="59.0551181102362" />
  <padstyle name="c147.8_h95" surface="False" plated="True" isvia="False" nopaste="True" nomask="True" complex="False" holesize="37.401574803149">
    <padshape layer="TOP" shape="round" width="58.188976377952" height="58.188976377952" />
    <padshape layer="TOP_SOLDER_MASK" shape="round" width="66.062992125983" height="66.062992125983" />
    <padshape layer="INNER" shape="round" width="58.188976377952" height="58.188976377952" />
    <padshape layer="BOTTOM" shape="round" width="58.188976377952" height="58.188976377952" />
    <padshape layer="BOTTOM_SOLDER_MASK" shape="round" width="66.062992125983" height="66.062992125983" />
  </padstyle>
  <footprint name="LTL307A" originx="0" originy="0" pickpointx="0" pickpointy="0">
    <pcbpin number="1" name="1" style="c147.8_h95" originx="0" originy="0" rotation="90" />
    <pcbpin number="2" name="2" style="c147.8_h95" originx="99.999999999999" originy="0" rotation="90" />
    <line layer="TOP_PLACE_BOUND" originx="-87.79527559055" originy="137.79527559055" endx="187.79527559055" endy="137.79527559055" width="3.9370078740157" />
    <line layer="TOP_PLACE_BOUND" originx="187.79527559055" originy="137.79527559055" endx="187.79527559055" endy="-137.79527559055" width="3.9370078740157" />
    <line layer="TOP_PLACE_BOUND" originx="187.79527559055" originy="-137.79527559055" endx="-87.79527559055" endy="-137.79527559055" width="3.9370078740157" />
    <line layer="TOP_PLACE_BOUND" originx="-87.79527559055" originy="-137.79527559055" endx="-87.79527559055" endy="137.79527559055" width="3.9370078740157" />
    <line layer="TOP_ASSEMBLY" originx="49.999999999999" originy="-98.425196850392" endx="49.999999999999" endy="-98.425196850392" width="7.8740157480314" />
    <arc layer="TOP_ASSEMBLY" originx="49.999999999999" originy="0" startangle="-90.0" sweepangle="180.0" radius="98.425196850392" width="7.8740157480314" />
    <line layer="TOP_ASSEMBLY" originx="49.999999999999" originy="98.425196850392" endx="49.999999999999" endy="98.425196850392" width="7.8740157480314" />
    <arc layer="TOP_ASSEMBLY" originx="49.999999999999" originy="0" startangle="90.0" sweepangle="180.0" radius="98.425196850392" width="7.8740157480314" />
    <line layer="TOP_SILKSCREEN" originx="49.999999999999" originy="-98.425196850392" endx="49.999999999999" endy="-98.425196850392" width="3.9370078740157" />
    <arc layer="TOP_SILKSCREEN" originx="49.999999999999" originy="0" startangle="-90.0" sweepangle="180.0" radius="98.425196850392" width="3.9370078740157" />
    <line layer="TOP_SILKSCREEN" originx="49.999999999999" originy="98.425196850392" endx="49.999999999999" endy="98.425196850392" width="3.9370078740157" />
    <arc layer="TOP_SILKSCREEN" originx="49.999999999999" originy="0" startangle="90.0" sweepangle="180.0" radius="98.425196850392" width="3.9370078740157" />
  </footprint>
  <symbol name="LTL-307A" originx="0" originy="0">
    <line originx="200" originy="100" endx="200" endy="-100" width="0" />
    <line originx="250" originy="100" endx="150" endy="200" width="0" />
    <line originx="350" originy="100" endx="250" endy="200" width="0" />
    <line originx="100" originy="0" endx="200" endy="0" width="0" />
    <line originx="400" originy="0" endx="500" endy="0" width="0" />
    <sympin number="2" originx="100" originy="0" rotation="180" length="100" width="7.8740157480315" flipped="False">
      <text name="pinname" originx="10" originy="-10" style="Default" rotation="0" justify="upperleft" flipped="False" hidden="True" data="K" />
      <text name="pindes" originx="60" originy="10" style="Default" rotation="0" justify="lowerright" flipped="False" hidden="False" data="2" />
    </sympin>
    <sympin number="1" originx="500" originy="0" rotation="0" length="100" width="7.8740157480315" flipped="False">
      <text name="pinname" originx="590" originy="-10" style="Default" rotation="0" justify="upperright" flipped="False" hidden="True" data="A" />
      <text name="pindes" originx="540" originy="10" style="Default" rotation="0" justify="lowerleft" flipped="False" hidden="False" data="1" />
    </sympin>
    <polygon type="polygon">
      <point x="200" y="0" />
      <point x="400" y="100" />
      <point x="400" y="-100" />
    </polygon>
    <polygon type="polygon">
      <point x="210" y="170" />
      <point x="180" y="140" />
      <point x="150" y="200" />
    </polygon>
    <polygon type="polygon">
      <point x="310" y="170" />
      <point x="280" y="140" />
      <point x="250" y="200" />
    </polygon>
  </symbol>
  <component name="LTL-307A" designatorprefix="LED" height="0" footprint="LTL307A">
    <comppin designator="1" sympin="1" pinswap="0" gateswap="0" gate="1" group="1" side="" type="Any" name="A" />
    <comppin designator="2" sympin="2" pinswap="0" gateswap="0" gate="1" group="1" side="" type="Any" name="K" />
    <attached_symbol gate="1" name="LTL-307A" />
    <pinmap designator="1" footprintpin="1" />
    <pinmap designator="2" footprintpin="2" />
    <text name="Datasheet" originx="0" originy="0" style="Default" rotation="0" justify="" flipped="False" hidden="True" data="https://www.mouser.com/datasheet/2/239/lite-on_lite-s-a0003819896-1-1678558.pdf" />
    <text name="Description" originx="0" originy="0" style="Default" rotation="0" justify="" flipped="False" hidden="True" data="Standard LEDs - Through Hole Amber Diffused" />
    <text name="Manufacturer_Name" originx="0" originy="0" style="Default" rotation="0" justify="" flipped="False" hidden="True" data="Lite-On" />
    <text name="Manufacturer_Part_Number" originx="500" originy="250" style="Default" rotation="0" justify="lowerleft" flipped="False" hidden="False" data="LTL-307A" />
    <text name="Mouser Part Number" originx="0" originy="0" style="Default" rotation="0" justify="" flipped="False" hidden="True" data="859-LTL-307A" />
    <text name="Mouser Price/Stock" originx="0" originy="0" style="Default" rotation="0" justify="" flipped="False" hidden="True" data="https://www.mouser.co.uk/ProductDetail/Lite-On/LTL-307A?qs=LJdOdOP975zBx2%2Fz79Kxmg%3D%3D" />
    <text name="Arrow Part Number" originx="0" originy="0" style="Default" rotation="0" justify="" flipped="False" hidden="True" data="LTL-307A" />
    <text name="Arrow Price/Stock" originx="0" originy="0" style="Default" rotation="0" justify="" flipped="False" hidden="True" data="https://www.arrow.com/en/products/ltl-307a/lite-on-technology" />
  </component>
</quadcept_library>
