<Footprint name="RES_RC14_STP" >
  <Units type="mils" precision="3" />
  <Extents minX="-2055" minY="-2479" width="6160" height="3646" />
  <Padstack name="EX54Y54D34P" type="through-hole" > 
    <Hole plating="plated" >
      <Drill figure="circle" diameter="34" width="34" height="34" />
    </Hole>
    <Symbol figure="Triangle" diameter="40" width="40" height="40" drillChars="h" />
    <Layers>
      <Layer name="TOP" >
        <Pad shape="circle" width="54" height="54" /> 
      </Layer>
      <Layer name="SOLDERMASK_TOP" >
        <Pad shape="circle" width="54" height="54" /> 
      </Layer>
      <Layer name="BOTTOM" >
        <Pad shape="circle" width="54" height="54" /> 
      </Layer>
      <Layer name="SOLDERMASK_BOTTOM" >
        <Pad shape="circle" width="54" height="54" /> 
      </Layer>
      <Layer name="default_internal" >
        <Pad shape="circle" width="54" height="54" /> 
      </Layer>
    </Layers>
  </Padstack>

  <Padstack name="EX54Y54D34P" type="through-hole" > 
    <Hole plating="plated" >
      <Drill figure="circle" diameter="34" width="34" height="34" />
    </Hole>
    <Symbol figure="Triangle" diameter="40" width="40" height="40" drillChars="h" />
    <Layers>
      <Layer name="TOP" >
        <Pad shape="circle" width="54" height="54" /> 
      </Layer>
      <Layer name="SOLDERMASK_TOP" >
        <Pad shape="circle" width="54" height="54" /> 
      </Layer>
      <Layer name="BOTTOM" >
        <Pad shape="circle" width="54" height="54" /> 
      </Layer>
      <Layer name="SOLDERMASK_BOTTOM" >
        <Pad shape="circle" width="54" height="54" /> 
      </Layer>
      <Layer name="default_internal" >
        <Pad shape="circle" width="54" height="54" /> 
      </Layer>
    </Layers>
  </Padstack>
  <TextBlocks>
    <TextBlock name="17" width="6.25" height="25" lineSpacing="25" characterSpacing="6.25" /> 
  </TextBlocks>

  <Pins>
    <Pin number="1" padName="EX54Y54D34P" originX="0" originY="0" rotation="0" isMechanical="no" textBlockName="17" />
    <Pin number="2" padName="EX54Y54D34P" originX="2610" originY="0" rotation="180" isMechanical="no" textBlockName="17" />
  </Pins>
  <Vias>
  </Vias>
  <Layers>
    <Layer name="PACKAGE GEOMETRY/PLACE_BOUND_TOP" packageHeight="94" packageHeightMin="0">
      <Path lineWidth="6" type="shape" >
        <Point x="-37" y="-37" />
        <Point x="-37" y="37" />
        <Point x="1171" y="37" />
        <Point x="1171" y="57" />
        <Point x="1439" y="57" />
        <Point x="1439" y="37" />
        <Point x="2647" y="37" />
        <Point x="2647" y="-37" />
        <Point x="1439" y="-37" />
        <Point x="1439" y="-57" />
        <Point x="1171" y="-57" />
        <Point x="1171" y="-37" />
        <Point x="-37" y="-37" />
      </Path>
    </Layer>
    <Layer name="PACKAGE GEOMETRY/PLACE_BOUND_TOP" packageHeight="94" packageHeightMin="0">
      <Path lineWidth="6" type="shape" >
        <Point x="1181" y="-47" />
        <Point x="1181" y="47" />
        <Point x="1429" y="47" />
        <Point x="1429" y="-47" />
        <Point x="1181" y="-47" />
      </Path>
    </Layer>
    <Layer name="MANUFACTURING/NO_PROBE_TOP" packageHeight="94" >
      <Path lineWidth="6" type="shape" >
        <Point x="-42" y="-62" />
        <Point x="-42" y="62" />
        <Point x="2652" y="62" />
        <Point x="2652" y="-62" />
        <Point x="-42" y="-62" />
      </Path>
    </Layer>
    <Layer name="REF DES/SILKSCREEN_TOP" packageHeight="94" >
      <Label layer="REF DES/SILKSCREEN_TOP" textBlock="3" angle="0" x="1305" y="-25" text="Ref" justify="center" />
    </Layer>
    <Layer name="DEVICE TYPE/SILKSCREEN_TOP" packageHeight="94" >
      <Label layer="DEVICE TYPE/SILKSCREEN_TOP" textBlock="3" angle="0" x="1305" y="-25" text="Dev" justify="center" />
    </Layer>
    <Layer name="USER PART NUMBER/SILKSCREEN_TOP" packageHeight="94" >
      <Label layer="USER PART NUMBER/SILKSCREEN_TOP" textBlock="3" angle="0" x="1305" y="-25" text="PN" justify="center" />
    </Layer>
    <Layer name="DEVICE TYPE/ASSEMBLY_TOP" packageHeight="94" >
      <Label layer="DEVICE TYPE/ASSEMBLY_TOP" textBlock="3" angle="0" x="1305" y="-25" text="DEV" justify="center" />
    </Layer>
    <Layer name="COMPONENT VALUE/SILKSCREEN_TOP" packageHeight="94" >
      <Label layer="COMPONENT VALUE/SILKSCREEN_TOP" textBlock="3" angle="0" x="1305" y="-25" text="VAL" justify="center" />
    </Layer>
    <Layer name="TOLERANCE/SILKSCREEN_TOP" packageHeight="94" >
      <Label layer="TOLERANCE/SILKSCREEN_TOP" textBlock="3" angle="0" x="1305" y="-25" text="TOL" justify="center" />
    </Layer>
    <Layer name="REF DES/ASSEMBLY_TOP" packageHeight="94" >
      <Label layer="REF DES/ASSEMBLY_TOP" textBlock="3" angle="0" x="1305" y="-25" text="Ref" justify="center" />
    </Layer>
    <Layer name="PACKAGE GEOMETRY/ASSEMBLY_TOP" packageHeight="94" >
      <Path lineWidth="0" type="line" >
        <Point x="0" y="0" />
        <Point x="1181" y="0" />
      </Path>
    </Layer>
    <Layer name="PACKAGE GEOMETRY/ASSEMBLY_TOP" packageHeight="94" >
      <Path lineWidth="0" type="line" >
        <Point x="2610" y="0" />
        <Point x="1429" y="0" />
      </Path>
    </Layer>
    <Layer name="PACKAGE GEOMETRY/SILKSCREEN_TOP" packageHeight="94" >
      <Path lineWidth="6" type="line" >
        <Point x="1176" y="-52" />
        <Point x="1434" y="-52" />
      </Path>
    </Layer>
    <Layer name="PACKAGE GEOMETRY/SILKSCREEN_TOP" packageHeight="94" >
      <Path lineWidth="6" type="line" >
        <Point x="1434" y="-52" />
        <Point x="1434" y="52" />
      </Path>
    </Layer>
    <Layer name="PACKAGE GEOMETRY/SILKSCREEN_TOP" packageHeight="94" >
      <Path lineWidth="6" type="line" >
        <Point x="1434" y="52" />
        <Point x="1176" y="52" />
      </Path>
    </Layer>
    <Layer name="PACKAGE GEOMETRY/SILKSCREEN_TOP" packageHeight="94" >
      <Path lineWidth="6" type="line" >
        <Point x="1176" y="52" />
        <Point x="1176" y="-52" />
      </Path>
    </Layer>
    <Layer name="PACKAGE GEOMETRY/ASSEMBLY_TOP" packageHeight="94" >
      <Path lineWidth="0" type="line" >
        <Point x="1181" y="-47" />
        <Point x="1429" y="-47" />
      </Path>
    </Layer>
    <Layer name="PACKAGE GEOMETRY/ASSEMBLY_TOP" packageHeight="94" >
      <Path lineWidth="0" type="line" >
        <Point x="1429" y="-47" />
        <Point x="1429" y="47" />
      </Path>
    </Layer>
    <Layer name="PACKAGE GEOMETRY/ASSEMBLY_TOP" packageHeight="94" >
      <Path lineWidth="0" type="line" >
        <Point x="1429" y="47" />
        <Point x="1181" y="47" />
      </Path>
    </Layer>
    <Layer name="PACKAGE GEOMETRY/ASSEMBLY_TOP" packageHeight="94" >
      <Path lineWidth="0" type="line" >
        <Point x="1181" y="47" />
        <Point x="1181" y="-47" />
      </Path>
    </Layer>
  </Layers>
</Footprint>
