<?xml version="1.0" encoding="utf-8"?>
<!--/1535970/795364/2.49/2/3/Crystal or Oscillator/-->
<quadcept_library>
  <setting unit="mil" />
  <textstyle name="Default" height="47.244094488189" strokewidth="7.8740157480315" charwidth="47.244094488189" />
  <textstyle name="Dimension" height="19.6850393700787" strokewidth="0" charwidth="19.6850393700787" />
  <textstyle name="H127W0635TH00762" height="50" strokewidth="3" charwidth="25" />
  <textstyle name="H15W15TH02" height="59.0551181102362" strokewidth="7.8740157480315" charwidth="59.0551181102362" />
  <padstyle name="c115.5_h63" surface="False" plated="True" isvia="False" nopaste="True" nomask="True" complex="False" holesize="24.803149606299">
    <padshape layer="TOP" shape="round" width="45.472440944881" height="45.472440944881" />
    <padshape layer="TOP_SOLDER_MASK" shape="round" width="53.346456692913" height="53.346456692913" />
    <padshape layer="INNER" shape="round" width="45.472440944881" height="45.472440944881" />
    <padshape layer="BOTTOM" shape="round" width="45.472440944881" height="45.472440944881" />
    <padshape layer="BOTTOM_SOLDER_MASK" shape="round" width="53.346456692913" height="53.346456692913" />
  </padstyle>
  <footprint name="ATS12AE" originx="0" originy="0" pickpointx="0" pickpointy="0">
    <pcbpin number="1" name="1" style="c115.5_h63" originx="0" originy="0" rotation="90" />
    <pcbpin number="2" name="2" style="c115.5_h63" originx="192.12598425197" originy="0" rotation="90" />
    <line layer="TOP_PLACE_BOUND" originx="-156.88976377953" originy="127.95275590551" endx="349.01574803149" endy="127.95275590551" width="3.9370078740157" />
    <line layer="TOP_PLACE_BOUND" originx="349.01574803149" originy="127.95275590551" endx="349.01574803149" endy="-127.95275590551" width="3.9370078740157" />
    <line layer="TOP_PLACE_BOUND" originx="349.01574803149" originy="-127.95275590551" endx="-156.88976377953" endy="-127.95275590551" width="3.9370078740157" />
    <line layer="TOP_PLACE_BOUND" originx="-156.88976377953" originy="-127.95275590551" endx="-156.88976377953" endy="127.95275590551" width="3.9370078740157" />
    <line layer="TOP_ASSEMBLY" originx="96.062992125983" originy="-88.582677165353" endx="-28.937007874015" endy="-88.582677165353" width="3.9370078740157" />
    <line layer="TOP_ASSEMBLY" originx="-28.937007874015" originy="-88.582677165353" endx="-28.937007874015" endy="-88.582677165353" width="3.9370078740157" />
    <arc layer="TOP_ASSEMBLY" originx="-28.937007874015" originy="0" startangle="-90.0" sweepangle="-180.0" radius="88.582677165353" width="3.9370078740157" />
    <line layer="TOP_ASSEMBLY" originx="-28.937007874015" originy="88.582677165353" endx="221.06299212598" endy="88.582677165353" width="3.9370078740157" />
    <line layer="TOP_ASSEMBLY" originx="221.06299212598" originy="88.582677165353" endx="221.06299212598" endy="88.582677165353" width="3.9370078740157" />
    <arc layer="TOP_ASSEMBLY" originx="221.06299212598" originy="0" startangle="90.0" sweepangle="-180.0" radius="88.582677165353" width="3.9370078740157" />
    <line layer="TOP_ASSEMBLY" originx="221.06299212598" originy="-88.582677165353" endx="96.062992125983" endy="-88.582677165353" width="3.9370078740157" />
    <line layer="TOP_SILKSCREEN" originx="96.062992125983" originy="-88.582677165353" endx="-28.937007874015" endy="-88.582677165353" width="7.8740157480314" />
    <line layer="TOP_SILKSCREEN" originx="-28.937007874015" originy="-88.582677165353" endx="-28.937007874015" endy="-88.582677165353" width="7.8740157480314" />
    <arc layer="TOP_SILKSCREEN" originx="-28.937007874015" originy="0" startangle="-90.0" sweepangle="-180.0" radius="88.582677165353" width="7.8740157480314" />
    <line layer="TOP_SILKSCREEN" originx="-28.937007874015" originy="88.582677165353" endx="221.06299212598" endy="88.582677165353" width="7.8740157480314" />
    <line layer="TOP_SILKSCREEN" originx="221.06299212598" originy="88.582677165353" endx="221.06299212598" endy="88.582677165353" width="7.8740157480314" />
    <arc layer="TOP_SILKSCREEN" originx="221.06299212598" originy="0" startangle="90.0" sweepangle="-180.0" radius="88.582677165353" width="7.8740157480314" />
    <line layer="TOP_SILKSCREEN" originx="221.06299212598" originy="-88.582677165353" endx="96.062992125983" endy="-88.582677165353" width="7.8740157480314" />
    <line layer="TOP_SILKSCREEN" originx="-141.73228346457" originy="0" endx="-141.73228346457" endy="0" width="7.8740157480314" />
    <arc layer="TOP_SILKSCREEN" originx="-139.76377952756" originy="0" startangle="180.0" sweepangle="180.0" radius="1.9685039370079" width="7.8740157480314" />
    <line layer="TOP_SILKSCREEN" originx="-137.79527559055" originy="0" endx="-137.79527559055" endy="0" width="7.8740157480314" />
    <arc layer="TOP_SILKSCREEN" originx="-139.76377952756" originy="0" startangle=".0" sweepangle="180.0" radius="1.9685039370079" width="7.8740157480314" />
    <line layer="TOP_SILKSCREEN" originx="-141.73228346457" originy="0" endx="-141.73228346457" endy="0" width="7.8740157480314" />
    <arc layer="TOP_SILKSCREEN" originx="-139.76377952756" originy="0" startangle="180.0" sweepangle="180.0" radius="1.9685039370079" width="7.8740157480314" />
  </footprint>
  <symbol name="ATS12A-E" originx="0" originy="0">
    <line originx="200" originy="100" endx="1000" endy="100" width="0" />
    <line originx="1000" originy="-200" endx="1000" endy="100" width="0" />
    <line originx="1000" originy="-200" endx="200" endy="-200" width="0" />
    <line originx="200" originy="100" endx="200" endy="-200" width="0" />
    <sympin number="1" originx="200" originy="0" rotation="180" length="100" width="7.8740157480315" flipped="False">
      <text name="pinname" originx="230" originy="0" style="Default" rotation="0" justify="left" flipped="False" hidden="False" data="CRYSTAL_1" />
      <text name="pindes" originx="140" originy="20" style="Default" rotation="0" justify="lowerright" flipped="False" hidden="False" data="1" />
    </sympin>
    <sympin number="2" originx="200" originy="-100" rotation="180" length="100" width="7.8740157480315" flipped="False">
      <text name="pinname" originx="230" originy="-100" style="Default" rotation="0" justify="left" flipped="False" hidden="False" data="CRYSTAL_2" />
      <text name="pindes" originx="140" originy="-80" style="Default" rotation="0" justify="lowerright" flipped="False" hidden="False" data="2" />
    </sympin>
  </symbol>
  <component name="ATS12A-E" designatorprefix="Y" height="144.88188976378" footprint="ATS12AE">
    <comppin designator="1" sympin="1" pinswap="0" gateswap="0" gate="1" group="1" side="" type="Any" name="CRYSTAL_1" />
    <comppin designator="2" sympin="2" pinswap="0" gateswap="0" gate="1" group="1" side="" type="Any" name="CRYSTAL_2" />
    <attached_symbol gate="1" name="ATS12A-E" />
    <pinmap designator="1" footprintpin="1" />
    <pinmap designator="2" footprintpin="2" />
    <text name="Datasheet" originx="0" originy="0" style="Default" rotation="0" justify="" flipped="False" hidden="True" data="https://www.ctscorp.com/wp-content/uploads/ATS-ATSSM.pdf" />
    <text name="Description" originx="0" originy="0" style="Default" rotation="0" justify="" flipped="False" hidden="True" data="Crystals 12MHz 20pF 30ppm -40C 85C" />
    <text name="Manufacturer_Name" originx="0" originy="0" style="Default" rotation="0" justify="" flipped="False" hidden="True" data="CTS" />
    <text name="Manufacturer_Part_Number" originx="1050" originy="200" style="Default" rotation="0" justify="left" flipped="False" hidden="False" data="ATS12A-E" />
    <text name="Mouser Part Number" originx="0" originy="0" style="Default" rotation="0" justify="" flipped="False" hidden="True" data="774-ATS12A-E" />
    <text name="Mouser Price/Stock" originx="0" originy="0" style="Default" rotation="0" justify="" flipped="False" hidden="True" data="https://www.mouser.co.uk/ProductDetail/CTS-Electronic-Components/ATS12A-E?qs=tjlMjqRIEYTbFQBfiYcOog%3D%3D" />
    <text name="Arrow Part Number" originx="0" originy="0" style="Default" rotation="0" justify="" flipped="False" hidden="True" data="" />
    <text name="Arrow Price/Stock" originx="0" originy="0" style="Default" rotation="0" justify="" flipped="False" hidden="True" data="" />
  </component>
</quadcept_library>
